Provider,name,Price,cost,available_quantity,description
PT,LONA MARÍTIMA FORCE,"$390,188.70",0,1,LONA MARÍTIMA FORCE
PT,LONA ROLLER,"$483,833.99",0,1,LONA ROLLER
PT,RAIL BEPO CUBRE LOMO LATERAL,"$83,240.26",0,1,RAIL BEPO CUBRE LOMO LATERAL
PT,RAIL BEPO CURE PORTON ,"$56,739.94",0,1,RAIL BEPO CURE PORTON 
PT,ESTRIBOS BEPO (KIT COMPLETO) G3 NEGRO,"$508,871.10",0,1,ESTRIBOS BEPO (KIT COMPLETO) G3 NEGRO
PT,ESTRIBOS BEPO (KIT COMPLETO) G3 PULIDO,"$508,871.10",0,1,ESTRIBOS BEPO (KIT COMPLETO) G3 PULIDO
PT,ESTRIBOS BEPO (KIT COMPLETO) G2 NEGRO,"$585,022.92",0,1,ESTRIBOS BEPO (KIT COMPLETO) G2 NEGRO
PT,ESTRIBOS BEPO (KIT COMPLETO) G2 PULIDO,"$585,022.92",0,1,ESTRIBOS BEPO (KIT COMPLETO) G2 PULIDO
PT,TAPA RÍGIDA PLEGABLE DESMONTABLE KRAKEN,"$1,861,525.26",0,1,TAPA RÍGIDA PLEGABLE DESMONTABLE KRAKEN
PT,TAPA RETRÁCTIL  KRAKEN,"$1,930,406.57",0,1,TAPA RETRÁCTIL  KRAKEN
PT,DIVISOR DE CAJA KRAKEN,"$310,278.05",0,1,DIVISOR DE CAJA KRAKEN
PT,TRABA DE AUXILIO,"$208,791.27",0,1,TRABA DE AUXILIO
PT,TUERCAS FLOWER CAMIONETA,"$76,906.19",0,1,TUERCAS FLOWER CAMIONETA
PT,TUERCAS FLOWER AUTO,"$82,602.95",0,1,TUERCAS FLOWER AUTO
PT,TUERCAS STAR AUTO,"$106,407.06",0,1,TUERCAS STAR AUTO
PT,TUERCAS STAR CAMIONETA,"$113,940.30",0,1,TUERCAS STAR CAMIONETA
PT,TUERCAS GALAXY AUTO Y CAMIONETA,"$131,103.40",0,1,TUERCAS GALAXY AUTO Y CAMIONETA
PT,ALFOMBRAS TERMOFORMADA,"$405,627.17",0,1,ALFOMBRAS TERMOFORMADA
Race,BARRA TRABAJO ,"$440,705.01",0,1,BARRA TRABAJO 
Race,BARRA TIPO HULK ,"$483,573.86",0,1,BARRA TIPO HULK 
Race,CANASTA PARA BARRA HULK,"$270,400.77",0,1,CANASTA PARA BARRA HULK
Race,SOPORTE PARA CANASTA,"$100,434.57",0,1,SOPORTE PARA CANASTA
Race,"KIT BARRA HULK, SOPORTE Y CANASTA","$795,407.47",0,1,"KIT BARRA HULK, SOPORTE Y CANASTA"
Race,JAULA ANTIVUELVO CROMADA,"$391,437.30",0,1,JAULA ANTIVUELVO CROMADA
Race,JAULA NEGRA,"$282,704.72",0,1,JAULA NEGRA
Race,DEFENSA TIPO TALAMPAYA,"$273,319.20",0,1,DEFENSA TIPO TALAMPAYA
Race,ESTRIBO TIPO HULK 2m,"$437,791.72",0,1,ESTRIBO TIPO HULK 2m
Race,Soporte para estribos Hulk,"$139,850.13",0,1,Soporte para estribos Hulk
Race,ESTRIBO CON SOPORTE,"$560,652.39",0,1,ESTRIBO CON SOPORTE
Race,Estribo aluminio,"$228,195.36",0,1,Estribo aluminio
Race,Soporte estribo aluminio,"$119,491.39",0,1,Soporte estribo aluminio
Race,Puntera plastico estribo aluminio,"$9,293.77",0,1,Puntera plastico estribo aluminio
Race,ESTRIBO DE ALUMINIO CON SOPORTE Y PUNTERA,"$344,670.85",0,1,ESTRIBO DE ALUMINIO CON SOPORTE Y PUNTERA
Race,PARAGOLPE TRASERO BUMPER,"$391,437.30",0,1,PARAGOLPE TRASERO BUMPER
Race,GRILLETE,$0.00,0,1,GRILLETE
Race,ENGANCHE TOPTRACK RANGER +23,"$236,350.30",0,1,ENGANCHE TOPTRACK RANGER +23
Race,ENGANCHE TOPTRACK RANGER +23 CON PUNTERA AMORT.,"$322,477.95",0,1,ENGANCHE TOPTRACK RANGER +23 CON PUNTERA AMORT.
Race,ENGANCHE TOPTRACK AMAROK,"$79,798.27",0,1,ENGANCHE TOPTRACK AMAROK
Race,ENGANCHE TOPTRACK AMAROK CON CABEZAL Y BOCHA,"$183,177.21",0,1,ENGANCHE TOPTRACK AMAROK CON CABEZAL Y BOCHA
Race,ENGANCHE TOPTRACK AMAROK CON CABEZAL Y PERNO,"$168,281.99",0,1,ENGANCHE TOPTRACK AMAROK CON CABEZAL Y PERNO
Race,ENGANCHE TOPTRACK HILUX +16,"$146,216.71",0,1,ENGANCHE TOPTRACK HILUX +16
Race,ENGANCHE TOPTRACK HILUX +16 CON CABEZAL Y BOCHA,"$247,841.62",0,1,ENGANCHE TOPTRACK HILUX +16 CON CABEZAL Y BOCHA
Race,ENGANCHE TOPTRACK HILUX +16 CON CABEZAL Y PERNO,"$232,328.34",0,1,ENGANCHE TOPTRACK HILUX +16 CON CABEZAL Y PERNO
Race,ENGANCHE LIVIANO ,"$120,178.12",0,1,ENGANCHE LIVIANO 
Race,PUNTERA SIN AMORTIGUAR ,"$64,095.00",0,1,PUNTERA SIN AMORTIGUAR 
Race,PUNTERA AMORTIGUADA,"$86,127.65",0,1,PUNTERA AMORTIGUADA
Race,PORTA ESFERA SIN AMORTIGUAR,"$48,712.20",0,1,PORTA ESFERA SIN AMORTIGUAR
Race,PORTA ESFERA LIVIANO,"$24,035.62",0,1,PORTA ESFERA LIVIANO
Race,"ESFERA CROMDA 2""","$24,676.57",0,1,"ESFERA CROMDA 2"""
Race,"ESFERA CROMADA 1 7/8""","$20,510.40",0,1,"ESFERA CROMADA 1 7/8"""
Race,PERNO PASADOR DIÁMETRO 19,"$8,588.73",0,1,PERNO PASADOR DIÁMETRO 19
Race,PORTAPERNO LIVIANO,"$31,086.07",0,1,PORTAPERNO LIVIANO
Race,PORTAMATAFUERGO UNIVERSAL 5K,"$73,480.34",0,1,PORTAMATAFUERGO UNIVERSAL 5K
Race,DIVISOR DE CAJA ,"$191,192.46",0,1,DIVISOR DE CAJA 
ST,BARRA TRABAJO ,"$520,891.64",0,1,BARRA TRABAJO 
ST,JAULA ANTIVUELVO INOXIDABLE,"$525,473.24",0,1,JAULA ANTIVUELVO INOXIDABLE
ST,JAULA NEGRA,"$322,424.63",0,1,JAULA NEGRA
ST,COBERTOR B/P NISSAN,"$335,060.87",0,1,COBERTOR B/P NISSAN
ST,COBERTOR B/P HILUX,"$335,060.87",0,1,COBERTOR B/P HILUX
ST,COBERTOR B/P AMAROK,"$335,060.87",0,1,COBERTOR B/P AMAROK
ST,TAPA RÍGIDA,"$1,139,208.94",0,1,TAPA RÍGIDA
ST,DEFENSA INOXIDABLE,"$345,508.37",0,1,DEFENSA INOXIDABLE
ST,ESTRIBO TIPO BLACK TREND (HULK),"$379,488.17",0,1,ESTRIBO TIPO BLACK TREND (HULK)
ST,ESTRIBO BLACK TREND CON SOPORTE,"$495,783.16",0,1,ESTRIBO BLACK TREND CON SOPORTE
ST,PUNTERA PARA ESTRIBO BLACK TREND WILD,"$13,809.15",0,1,PUNTERA PARA ESTRIBO BLACK TREND WILD
ST,ESTRIBO BLACK TREND WILD,"$230,495.72",0,1,ESTRIBO BLACK TREND WILD
ST,SOPORTE PARA ESTRIBOS BLACK TREND Y BLACK TREND WILD,"$134,001.53",0,1,SOPORTE PARA ESTRIBOS BLACK TREND Y BLACK TREND WILD
ST,ESTRIBO BLACK TREND WILD CON SOPORTE Y PUNTERA,"$365,261.36",0,1,ESTRIBO BLACK TREND WILD CON SOPORTE Y PUNTERA
ST,ESTRIBO IMPACTUS ALUMINIO,"$364,698.78",0,1,ESTRIBO IMPACTUS ALUMINIO
ST,ESTRIBO IMPACTUS ALUMINIO CON SOPORTE Y PUNTERA,"$480,403.44",0,1,ESTRIBO IMPACTUS ALUMINIO CON SOPORTE Y PUNTERA
ST,ESTRIBO IMPACTUS ALUMINIO NEGRO,"$294,114.80",0,1,ESTRIBO IMPACTUS ALUMINIO NEGRO
ST,ESTRIBO IMPACTUS ALUMINIO NEGRO CON SOPORTE Y PUNTERA,"$412,253.40",0,1,ESTRIBO IMPACTUS ALUMINIO NEGRO CON SOPORTE Y PUNTERA
ST,PUNTERA PARA ESTRIBO IMPACTUS,"$5,241.41",0,1,PUNTERA PARA ESTRIBO IMPACTUS
ST,"SOPORTE ESTRIBO IMPACTUS, OPTIMUS, STRONG","$127,620.52",0,1,"SOPORTE ESTRIBO IMPACTUS, OPTIMUS, STRONG"
ST,ESTRIBO OPTIMUS ALUMINIO,"$300,562.82",0,1,ESTRIBO OPTIMUS ALUMINIO
ST,ESTRIBO OPTIMUS ALUMINIO CON SOPORTE Y PUNTERA,"$418,182.34",0,1,ESTRIBO OPTIMUS ALUMINIO CON SOPORTE Y PUNTERA
ST,ESTRIBO OPTIMUS NEGRO,"$248,005.90",0,1,ESTRIBO OPTIMUS NEGRO
ST,ESTRIBO OPTIMUS ALUMINIO NEGRO CON SOPORTE Y PUNTERA,"$367,437.72",0,1,ESTRIBO OPTIMUS ALUMINIO NEGRO CON SOPORTE Y PUNTERA
ST,PUNETRA ESTRIBO OPTIMUS ALUMINIO Y NEGRO,"$4,934.08",0,1,PUNETRA ESTRIBO OPTIMUS ALUMINIO Y NEGRO
ST,PORTA GRILLETE ST5 BAJO (incluye grillete),"$81,579.14",0,1,PORTA GRILLETE ST5 BAJO (incluye grillete)
ST,PORTA GRILLETE ST5 ALTO (incluye grillete),"$81,579.14",0,1,PORTA GRILLETE ST5 ALTO (incluye grillete)
ST,MARIP. RAD. FRONT. D. MALLA TOYOTA HILUX 16->,"$73,551.17",0,1,MARIP. RAD. FRONT. D. MALLA TOYOTA HILUX 16->
ST,MARIP. RAD. FRONT. D. MALLA  FORD RANGER + 23->,"$75,756.79",0,1,MARIP. RAD. FRONT. D. MALLA  FORD RANGER + 23->
ST,MARIP. RAD. FRONT. D. MALLA AMAROK + 17->,"$73,551.17",0,1,MARIP. RAD. FRONT. D. MALLA AMAROK + 17->
ST,AMORTIGUADOR DE COMPUERTA FRONTIER,"$123,590.40",0,1,AMORTIGUADOR DE COMPUERTA FRONTIER
ST,AMORTIGUADOR COMPUERTA AMAROK,"$118,074.68",0,1,AMORTIGUADOR COMPUERTA AMAROK
ST,AMORTIGUADOR COMPUERTA HILUX,"$140,210.53",0,1,AMORTIGUADOR COMPUERTA HILUX
ST,AMORTIGUADOR COMPUERTA RANGER / RANGER RAPTOR +23,"$138,625.95",0,1,AMORTIGUADOR COMPUERTA RANGER / RANGER RAPTOR +23
ST,BAUL PLAST LATERAL DERECHO FIJO UNIVERSAL,"$444,068.72",0,1,BAUL PLAST LATERAL DERECHO FIJO UNIVERSAL
ST,BAUL PLAST LATERAL IZQUIERDO FIJO UNIVERSAL ,"$444,068.72",0,1,BAUL PLAST LATERAL IZQUIERDO FIJO UNIVERSAL 
ST,BAUL PLAST GRANDE 135X45X54,"$481,909.34",0,1,BAUL PLAST GRANDE 135X45X54
ST,BAUL PLAST CHICO 100X42X50,"$379,426.98",0,1,BAUL PLAST CHICO 100X42X50
ST,BAUL PLAST PASA RUEDA MEDIANO SIMPLE,"$449,782.05",0,1,BAUL PLAST PASA RUEDA MEDIANO SIMPLE
ST,BOLSO ESTANCO P/ 1/2 CAJA 490L 140X70X40 CM,"$189,450.16",0,1,BOLSO ESTANCO P/ 1/2 CAJA 490L 140X70X40 CM
ST,FUNDA PORTA BICI NEGRA C/CAMARA,"$124,402.90",0,1,FUNDA PORTA BICI NEGRA C/CAMARA
ST,FUNDA PORTA BICI NEGRA MEDIANA C/CAM,"$124,402.90",0,1,FUNDA PORTA BICI NEGRA MEDIANA C/CAM
ST,RED DIVISORA DE CAJA - 114CM x 44 CM ,"$67,079.99",0,1,RED DIVISORA DE CAJA - 114CM x 44 CM 
ST,KIT SEG. N. AUX. FORD RANGER ALEACIÓN,"$111,975.44",0,1,KIT SEG. N. AUX. FORD RANGER ALEACIÓN
ST,KIT PUNTERAS DEFENSA BAJA (2 UNIDADES),"$2,378.71",0,1,KIT PUNTERAS DEFENSA BAJA (2 UNIDADES)
ST,PORTA OBJETO DE TECHO UNIVERSAL ROOF RACK,"$329,774.33",0,1,PORTA OBJETO DE TECHO UNIVERSAL ROOF RACK
ST,PORTA OBJETO - BOLSO,"$174,845.30",0,1,PORTA OBJETO - BOLSO
ST,PORTA OBJETO DE TECHO UNIVERSAL ROOF RACK CON BOLSO,"$317,560.86",0,1,PORTA OBJETO DE TECHO UNIVERSAL ROOF RACK CON BOLSO
ST,PORTABICI 3000 - DE TECHO P/1 BICICLETA - HASTA 20 ANTIR,"$259,529.42",0,1,PORTABICI 3000 - DE TECHO P/1 BICICLETA - HASTA 20 ANTIR
ST,BAÚL DE TECHO NEGRO - CIAO 310,"$468,834.32",0,1,BAÚL DE TECHO NEGRO - CIAO 310
ST,BAÚL DE TEHCO TRAVEL EASY GRANDE 460L,"$687,672.79",0,1,BAÚL DE TEHCO TRAVEL EASY GRANDE 460L
ST,BARRA DE TECHO DE ALUMINIO OVAL EXTENSIBLE - RIEL A,"$324,530.94",0,1,BARRA DE TECHO DE ALUMINIO OVAL EXTENSIBLE - RIEL A
ST,BARRA DE TECHO DE ALUMINIO OVAL EXTENSIBLE - RIEL C,"$324,530.94",0,1,BARRA DE TECHO DE ALUMINIO OVAL EXTENSIBLE - RIEL C
ST,KIT ESLINGA 100MM CARGA ROTURA (10TN) 2 GRILLETES,"$210,309.17",0,1,KIT ESLINGA 100MM CARGA ROTURA (10TN) 2 GRILLETES
ST,KIT ESLINGA 50MM CARGA ROTURA (5 TN) 2 GRILLETES,"$130,490.45",0,1,KIT ESLINGA 50MM CARGA ROTURA (5 TN) 2 GRILLETES
ST,ESLINGA CON CRIQUET  25MM X 3M,"$22,689.16",0,1,ESLINGA CON CRIQUET  25MM X 3M
ST,ESLINGA GARFIO CON CRIQUET 50MM X 6M ,"$41,131.77",0,1,ESLINGA GARFIO CON CRIQUET 50MM X 6M 
ST,DEFLECTOR CAPOT FORD RANGER 23,"$50,309.99",0,1,DEFLECTOR CAPOT FORD RANGER 23
ST,DEFELCTOR CAPOT HILUX 2016 EN ADELANTE ,"$71,552.18",0,1,DEFELCTOR CAPOT HILUX 2016 EN ADELANTE 
ST,DEFLECTOR AMAROK  2010 EN ADELANTE,"$58,999.19",0,1,DEFLECTOR AMAROK  2010 EN ADELANTE
ST,DEFLECTOR DE VENTANILLA DELANTERA HILUX 2016 EN ADELANTE,"$33,195.74",0,1,DEFLECTOR DE VENTANILLA DELANTERA HILUX 2016 EN ADELANTE
ST,DEFLECTOR DE VENTANILLA TRASERO HILUX 2023 EN ADELANTE,"$23,287.81",0,1,DEFLECTOR DE VENTANILLA TRASERO HILUX 2023 EN ADELANTE
ST,DEFLECTOR DE VENTANILLA T Y D HILUX 2023 EN ADELANTE,"$54,822.27",0,1,DEFLECTOR DE VENTANILLA T Y D HILUX 2023 EN ADELANTE
ST,DEFLECTOR DE VENTANILLA DELANTERO RANGER 2023 EN ADELANTE,"$28,891.87",0,1,DEFLECTOR DE VENTANILLA DELANTERO RANGER 2023 EN ADELANTE
ST,DEFLECTOR DE VENTANILLA TRASERO RANGER 2023 EN ADELANTE,"$22,914.25",0,1,DEFLECTOR DE VENTANILLA TRASERO RANGER 2023 EN ADELANTE
ST,DEFLECTOR DE VENTANILLA T Y D RANGER 2023 EN ADELANTE,"$50,187.19",0,1,DEFLECTOR DE VENTANILLA T Y D RANGER 2023 EN ADELANTE
ST,DEFLECTOR DE VENTANILLA DELANTERO AMAROK MOD 10 EN ADEL.,"$32,358.92",0,1,DEFLECTOR DE VENTANILLA DELANTERO AMAROK MOD 10 EN ADEL.
ST,DEFLECTOR DE VENTANILLA TRASERO AMAROK MOD 10 EN ADEL.,"$25,663.96",0,1,DEFLECTOR DE VENTANILLA TRASERO AMAROK MOD 10 EN ADEL.
ST,DEFLECTOR DE VENTANILLA T Y D AMAROK MOD 10 EN ADEL.,"$56,209.67",0,1,DEFLECTOR DE VENTANILLA T Y D AMAROK MOD 10 EN ADEL.
ST,LANZA DE TRABAJO  ENTRE CENTROS  1520 MM,"$71,751.20",0,1,LANZA DE TRABAJO  ENTRE CENTROS  1520 MM
ST,CONECTOR ELECTRICO MACHO HEMBRA 7 PINES ALUMINIO,"$27,432.23",0,1,CONECTOR ELECTRICO MACHO HEMBRA 7 PINES ALUMINIO
ST,JUEGO PATENTE PARA TRAILER MERCOSUR,"$21,496.67",0,1,JUEGO PATENTE PARA TRAILER MERCOSUR
ST,KIT DE EMERGENCIA DE RESCATE DE CAMIONETA,"$128,084.95",0,1,KIT DE EMERGENCIA DE RESCATE DE CAMIONETA
ST,"PROTECTORES DE CARTER, CAJA DE VELOC, ETC A DEFINIR",$0.00,0,1,"PROTECTORES DE CARTER, CAJA DE VELOC, ETC A DEFINIR"