Provider,name,Price,cost,available_quantity,Descripcion,code
Wheel Locks,Tuerca de seguridad classic 42236,"$59,592","$32,079",1,CHEVROLET: AVEO - TRACKER - CRUZE - SONIC - CAMARO - CAPTIVA - EQUINOX - S10 - TRAILERBLAZER / HIUNDAY: GENESIS - TUCSON - SANTA FE - ACCENT - I10 - I20 - VELOSTER - ELENTRA / KIA: CERATO - SOUL - RIO - SPORTAGE - SORENTO - KARNIVAL,TSC42236
wheel Locks,Tuerca de seguridad classic  42236/1,"$59,592","$32,079",1,NISSAN: FRINTIER - TERRANO - PATROL - MURANO - KICKS - SENTRA - TIIDA - NOTE - PATHFINDER - MARCH -  MAXIMA - VERSA - X-TRAIL - LEAF/ SUBARU: TODOS / SUZUKI: VARIOS / RENAULT: KOLEOS - ALASKAN / CHEVROLET: SPARK / CHERRY: QQ,TSC42236/1
wheel Locks,Tuerca de seguridad classic  42235,"$61,894","$33,318",1,FORD:  FOCUS - FIESTA - FIESTA KD - MONDEO - KA - ECOSPORT - S-MAX - KUGA - RANGER 2012+ / CHEVROLET:  PRISMA - SPIN - COLBALT - S10 2012 /  CHRYSLER:  PT CRUSIER - NEON / TOYOTA: LLANTAS DE CHAPA,TSC42235
wheel Locks,Tuerca de seguridad classic 42701,"$59,592","$32,079",1,TOYOTA: HILUZ - RAV4 - COROLLA - CORONA - LAND CRUSIER - INNOVA - YARIS - ETIOS - PRIUS - 86 - SW4 - PRADO - CAMRY - INNOVA - 4 RUNNER - CELICA / CHERY (HASTA 2016):  TIGGO 1 - TIGGO 2 / MITSUBISHI:  ECLIPSE - PAJERO - NATIVA - LANCER - OUTLANDER - GALANT - L200 - MONTERO,TSC42701
wheel Locks,Tuerca de seguridad classic 73423,"$59,592","$32,079",1,RENAULT: KANGOO - KANGOO 2 - CLIO - CLIO 2 - CLIO MIO - SANDERO - SANDERO GT - SANDERO STEPWAY - DUSTER - OROCH - LOGAN - SYMBOL - CAPTUR - MEGANE 2 - FLUENCE - SYMBOL - KWID,TSC73423
wheel Locks,Tuerca de seguridad classic  73423/1,"$59,592","$32,079",1,FIAT: QUBO - DOBLO - TORO - PALIO L/N - SIENA - GRAN SIENA - UNO (L/N) - ARGO - MOBI - CRONOS - 500 - PUNTO / JEEP: RENEGADE - COMPASS <2015 - CHEROKEE <2005 - ALFA ROMEO:  147 - 156 - 166 - GIULIETTA - GT - MITO,TSC73423/1
wheel Locks,Tuerca de seguridad classic  72428,"$60,015","$32,307",1,"VOLKSWAGEN:  GOLF - BORA - VENTP - PASSAT - NEW BEATTLE - FOX - SURAN - SIROCCO - SURAN CROSS - FOX CROSS - POLO L/N - VRTUS - TIGUAN - TUAREG / FORD:  TERRITORY / SEAT:  TOLEDO - IBIZA - LEON - ALTEA  /  MERCEDES BENZ: CLASSE A , B, C, E, SL. SLK  AUDI: A1 - A3 - A4 A6, A8 - COUPE - CABRIO - QUATTRO - R8 - RS3 ",TSC72428
wheel Locks,Tuerca de seguridad 360 46300,"$75,705","$40,753",1,CHEVROLET: AVEO - TRACKER - CRUZE - SONIC - CAMARO - CAPTIVA - S10 12+ - EQUINOX - TRAILERBLAZER / KIA: CERATO - SOUL - RIO - SPORTAGE - SORENTO - CARNIVAL / DAIHATSU: VARIOS / MITSUBISHI: VARIOS / TOYOTA:  LLANTA DE CHAPA Y GENERICAS / HIUNDAY: GENESIS - TUCSON - SANTA FE - ELANTRA - I10 - I30 - VELOSTER,TS360-46300
wheel Locks,Tuerca de seguridad 360 46300/1,"$75,705","$40,753",1,NISSAN: FRONTIER - TERRANO - PATROL - MURANO - NP300 - KICK - CENTRA - TIDA - NOTE PATHFINDER - MARCH - MAXIMA VERSA - LEAF - X-TRAIL / SUBARU:  VARIOS /  SUZUKI: VARIOS / RENAULT: KOLEOS - ALASKAN / CHEVROLET: SPARK / CHERRY: QQ,TS360-46300/1
wheel Locks,Tuerca de seguridad 360 46304,"$77,999","$41,988",1,Toyota Hilux (2016 en adelante) / Ford Ranger (2012 en adelante) / Volkswagen Amarok (2010 en adelante) / Nissan Frontier (varios modelos) / Chevrolet S10 / Mitsubishi L200 / Fiat Toro / Jeep Gladiator / Isuzu D- Max / Mazda BT-50,TS360-46304
wheel Locks,Tuerca de seguridad 360 46670,"$86,929","$46,795",1,TOYOTA: (LLANTAS DE ALEACIÓN ORIGINALES. TODAS): HILUX - RAV4 - COROLLA - CORONA - LAND CRUSIER INNOVA - YARIS - ETIOS - PRIUS - 86 /  CHERRY: HASTA 2016  TIGGO 1 - TIGGO 2 /  ,TS360-46670
wheel Locks,Tuerca de seguridad 360 72240,"$83,794","$45,108",1, VOLKSWAGEN: AMAROK - TRANSPORTER /  PEUGEOT:  BOXER /  MERCEDES BENZ:  SPRINTER - VITO - CLASSE SLK,TS360-72240
wheel Locks,Tuerca de seguridad 360 73224,"$75,833","$40,822",1,RENAULT: CLIO II - CLIO  MIO - DUSTER - OROCH - FLUENCE - LOGAN - SYMBOL - TWINGO - SANDERO - SANDERO STEPWAY - MAEGAN II Y III - CAPTUR - ALASKAN,TS360-73224
wheel Locks,Tuerca de seguridad 360 73224/1,"$75,833","$40,822",1,FIAT: QUBO - DOBLO - TORO - PALIO L/N - SIENA - GRAN SIENA - UNO (L/N) - ARGO - MOBI - CRONOS - 500 - PUNTO / JEEP: RENEGADE - COMPASS <2015 - CHEROKEE <2005 - ALFA ROMEO:  147 - 156 - 166 - GIULIETTA - GT - MITO,TS360-73224/1
wheel Locks,TUERCA GUARD RL5018 MAVERIK,"$116,608","$70,223",1,TUERCA GUARD RL5018 MAVERIK,TGUARDFM
wheel Locks,TUERCA GUARD RL5005 TORO,"$114,065","$68,692",1,TUERCA GUARD RL5018 MAVERIK,TGUARDFT
wheel Locks,Alfombra termoformada Luxury Ford Ranger,"$292,046","$154,033",1,"Alfombras Termoformadas Luxury – Protección 3D Premium
Dale estilo y protección total al interior de tu vehículo.
✔️ Diseño a medida con bordes elevados
✔️ Material impermeable y antideslizante
✔️ Fácil de limpiar – no retiene humedad
✔️ Estética de lujo y máxima durabilidad",LUX-FDRANG-2G
wheel Locks,Alfombra termoformada Luxury Vw. Amarok,"$292,046","$154,033",1,"Alfombras Termoformadas Luxury – Protección 3D Premium
Dale estilo y protección total al interior de tu vehículo.
✔️ Diseño a medida con bordes elevados
✔️ Material impermeable y antideslizante
✔️ Fácil de limpiar – no retiene humedad
✔️ Estética de lujo y máxima durabilidad",LUX-VWAM
wheel Locks,Alfombra termoformada Luxury Toyota Hilux,"$292,046","$154,033",1,"Alfombras Termoformadas Luxury – Protección 3D Premium
Dale estilo y protección total al interior de tu vehículo.
✔️ Diseño a medida con bordes elevados
✔️ Material impermeable y antideslizante
✔️ Fácil de limpiar – no retiene humedad
✔️ Estética de lujo y máxima durabilidad",LUX- TOYHIL
wheel Locks,Alfombra termoformada Luxury Jeep Renegade,"$292,046","$154,033",1,"Alfombras Termoformadas Luxury – Protección 3D Premium
Dale estilo y protección total al interior de tu vehículo.
✔️ Diseño a medida con bordes elevados
✔️ Material impermeable y antideslizante
✔️ Fácil de limpiar – no retiene humedad
✔️ Estética de lujo y máxima durabilidad",LUX-JPREN
wheel Locks,Alfombra termoformada Luxury Leep Compass,"$292,046","$154,033",1,"Alfombras Termoformadas Luxury – Protección 3D Premium
Dale estilo y protección total al interior de tu vehículo.
✔️ Diseño a medida con bordes elevados
✔️ Material impermeable y antideslizante
✔️ Fácil de limpiar – no retiene humedad
✔️ Estética de lujo y máxima durabilidad",LUX-JPCOM
wheel Locks,Alfombra termoformada Luxury Vw. Taos,"$292,046","$154,033",1,"Alfombras Termoformadas Luxury – Protección 3D Premium
Dale estilo y protección total al interior de tu vehículo.
✔️ Diseño a medida con bordes elevados
✔️ Material impermeable y antideslizante
✔️ Fácil de limpiar – no retiene humedad
✔️ Estética de lujo y máxima durabilidad",LUX-VWTA
wheel Locks,Alfombra termoformada Luxury Corolla,"$292,046","$154,033",1,"Alfombras Termoformadas Luxury – Protección 3D Premium
Dale estilo y protección total al interior de tu vehículo.
✔️ Diseño a medida con bordes elevados
✔️ Material impermeable y antideslizante
✔️ Fácil de limpiar – no retiene humedad
✔️ Estética de lujo y máxima durabilidad",LUX-COR
wheel Locks,Alfombra termoformada Luxury Toyota SW4,"$292,046","$154,033",1,"Alfombras Termoformadas Luxury – Protección 3D Premium
Dale estilo y protección total al interior de tu vehículo.
✔️ Diseño a medida con bordes elevados
✔️ Material impermeable y antideslizante
✔️ Fácil de limpiar – no retiene humedad
✔️ Estética de lujo y máxima durabilidad",LUX- TOYSW4
wheel Locks,Alfombra termoformada Luxury Chevrolet Cruze,"$292,046","$154,033",1,"Alfombras Termoformadas Luxury – Protección 3D Premium
Dale estilo y protección total al interior de tu vehículo.
✔️ Diseño a medida con bordes elevados
✔️ Material impermeable y antideslizante
✔️ Fácil de limpiar – no retiene humedad
✔️ Estética de lujo y máxima durabilidad",LUX-CHVCR
wheel Locks,Alfombra termoformada Luxury Peugeot 2008,"$292,046","$154,033",1,"Alfombras Termoformadas Luxury – Protección 3D Premium
Dale estilo y protección total al interior de tu vehículo.
✔️ Diseño a medida con bordes elevados
✔️ Material impermeable y antideslizante
✔️ Fácil de limpiar – no retiene humedad
✔️ Estética de lujo y máxima durabilidad",LUX-PG2008
wheel Locks,Alfombra termoformada Xtreme Ford Ranger,"$270,252","$142,538",1,"Alfombras Termoformadas Xtreme – Resistencia Total en Cada Trayecto
Hechas para los que exigen más en sus viajes.
✔️ Diseño 3D con cobertura total
✔️ Material ultra resistente y lavable
✔️ Antideslizantes, sin olores ni humedad
✔️ Bordes altos para máxima protección",XTREM-FDRAG-2G
wheel Locks,Alfombra termoformada Xtreme Toyota Hilux,"$270,252","$142,538",1,"Alfombras Termoformadas Xtreme – Resistencia Total en Cada Trayecto
Hechas para los que exigen más en sus viajes.
✔️ Diseño 3D con cobertura total
✔️ Material ultra resistente y lavable
✔️ Antideslizantes, sin olores ni humedad
✔️ Bordes altos para máxima protección",XTREM-TYHIL
wheel Locks,Criquet  tijera 1.5 toneladas con llave criquet,"$37,572","$24,461",1,"Criquet Tijera 1.5 Toneladas – Compacto, Seguro y Resistente
La herramienta esencial que no puede faltar en tu vehículo.
✔️ Capacidad de carga: 1.5 Tn
✔️ Compacto, liviano y fácil de guardar
✔️ Estructura reforzada con manija giratoria
✔️ Ideal para emergencias y cambios de rueda",CT1.5T
wheel Locks,Llave Cruz Cromada,"$13,857","$9,021",1,"Llave Cruz Cromada – Tamaños 17 | 19 | 21 | 23 mm
Robusta, práctica y esencial para cualquier vehículo.
✔️ Fabricación en acero cromado de alta resistencia
✔️ Cuatro medidas en una sola herramienta
✔️ Agarre cómodo y mayor torque al aflojar o ajustar
✔️ Ideal para autos y pickups",LCC
wheel Locks,Tapa válvula con sensor de presión,"$7,986","$5,199",1,"Tapas de Válvula con Sensor de Presión – Control Visual Instantáneo
Cuidá tus neumáticos de forma simple y eficaz.
✔️ Indicador visual de presión baja
✔️ Fácil instalación: reemplaza la tapa original
✔️ Compatibles con autos, SUVs y pickups
✔️ Mejora la seguridad y el rendimiento del rodado",TVSP
wheel Locks,Bolso portallave,"$3,671","$2,390",1,,BP
wheel Locks,Inflador de neumático portátil,"$75,039","$48,854",1,"Inflador Neumático Portátil 150 PSI – Potencia y Comodidad en tu Mano
Inflá tus neumáticos donde sea, sin depender de estaciones de servicio.
✔️ Presión máxima: 150 PSI
✔️ Compacto, liviano y fácil de usar
✔️ Incluye boquillas para bicicletas, motos y pelotas
✔️ Conexión directa a 12V del vehículo",INFLP
steel tiger,Estribo Black Trend Vw. Amarok 2010+,"$502,621","$345,927",1,"Fabricados en acero galvanizado con acabado negro microtexturado, ofrecen una pisada amplia y segura, además de un diseño robusto que realza la apariencia del vehículo.  (Incluye soporte)

Características principales:

Material: Acero galvanizado de alta resistencia.

Acabado: Negro microtexturado para mayor durabilidad y estilo.

Diseño: Pisada amplia que facilita el acceso al vehículo.

Compatibilidad: Diseñados para pickups como Ford Ranger, Toyota Hilux, Nissan Frontier y Volkswagen Amarok.

Instalación: Fácil montaje sin necesidad de perforaciones.",EBTVWA
steel tiger,Estribo Black Trend Nissan Frontier 2017+,"$502,621","$345,927",1,"Fabricados en acero galvanizado con acabado negro microtexturado, ofrecen una pisada amplia y segura, además de un diseño robusto que realza la apariencia del vehículo.  (Incluye soporte)

Características principales:

Material: Acero galvanizado de alta resistencia.

Acabado: Negro microtexturado para mayor durabilidad y estilo.

Diseño: Pisada amplia que facilita el acceso al vehículo.

Compatibilidad: Diseñados para pickups como Ford Ranger, Toyota Hilux, Nissan Frontier y Volkswagen Amarok.

Instalación: Fácil montaje sin necesidad de perforaciones.",EBTNF
steel tiger,Estribo Black Trend Toyota Hilux 2005+,"$502,621","$345,927",1,"Fabricados en acero galvanizado con acabado negro microtexturado, ofrecen una pisada amplia y segura, además de un diseño robusto que realza la apariencia del vehículo.  (Incluye soporte)

Características principales:

Material: Acero galvanizado de alta resistencia.

Acabado: Negro microtexturado para mayor durabilidad y estilo.

Diseño: Pisada amplia que facilita el acceso al vehículo.

Compatibilidad: Diseñados para pickups como Ford Ranger, Toyota Hilux, Nissan Frontier y Volkswagen Amarok.

Instalación: Fácil montaje sin necesidad de perforaciones.",EBTTH
steel tiger,Estribo Black Trend Chevrolet S10 2012+,"$502,621","$345,927",1,"Fabricados en acero galvanizado con acabado negro microtexturado, ofrecen una pisada amplia y segura, además de un diseño robusto que realza la apariencia del vehículo.  (Incluye soporte)

Características principales:

Material: Acero galvanizado de alta resistencia.

Acabado: Negro microtexturado para mayor durabilidad y estilo.

Diseño: Pisada amplia que facilita el acceso al vehículo.

Compatibilidad: Diseñados para pickups como Ford Ranger, Toyota Hilux, Nissan Frontier y Volkswagen Amarok.

Instalación: Fácil montaje sin necesidad de perforaciones.",EBTCS10
steel tiger,Estribo Black Trend Ram,"$502,621","$345,927",1,"Fabricados en acero galvanizado con acabado negro microtexturado, ofrecen una pisada amplia y segura, además de un diseño robusto que realza la apariencia del vehículo.  (Incluye soporte)

Características principales:

Material: Acero galvanizado de alta resistencia.

Acabado: Negro microtexturado para mayor durabilidad y estilo.

Diseño: Pisada amplia que facilita el acceso al vehículo.

Compatibilidad: Diseñados para pickups como Ford Ranger, Toyota Hilux, Nissan Frontier y Volkswagen Amarok.

Instalación: Fácil montaje sin necesidad de perforaciones.",EBTRAM
steel tiger,Estribo Black Trend Wild Chevrolet S10 2012+,"$356,782","$245,554",1,"Estribo Blacktrend Wild – Estilo y Funcionalidad Off-Road
✔️ Estructura de acero con punteras plásticas reforzadas
✔️ Acabado negro microtexturado, robusto y moderno
✔️ Amplia superficie antideslizante
✔️ Instalación sin perforaciones  (incluye soporte)",EBTWCS10
steel tiger,Estribo Black Trend Wild Ford Ranger 2012+,"$356,782","$245,554",1,"Estribo Blacktrend Wild – Estilo y Funcionalidad Off-Road
✔️ Estructura de acero con punteras plásticas reforzadas
✔️ Acabado negro microtexturado, robusto y moderno
✔️ Amplia superficie antideslizante
✔️ Instalación sin perforaciones  (incluye soporte)",EBTWFR
steel tiger,Estribo Black Trend Wild Nissan Frontier 2017+,"$356,782","$245,554",1,"Estribo Blacktrend Wild – Estilo y Funcionalidad Off-Road
✔️ Estructura de acero con punteras plásticas reforzadas
✔️ Acabado negro microtexturado, robusto y moderno
✔️ Amplia superficie antideslizante
✔️ Instalación sin perforaciones  (incluye soporte)",EBTWNF
steel tiger,Estribo Black Trend Wild Toyota Hilux 2005,"$356,782","$245,554",1,"Estribo Blacktrend Wild – Estilo y Funcionalidad Off-Road
✔️ Estructura de acero con punteras plásticas reforzadas
✔️ Acabado negro microtexturado, robusto y moderno
✔️ Amplia superficie antideslizante
✔️ Instalación sin perforaciones  (incluye soporte)",EBTWTH
steel tiger,Estribo Black Trend Wild Vw. Amarok 2010+,"$356,782","$245,554",1,"Estribo Blacktrend Wild – Estilo y Funcionalidad Off-Road
✔️ Estructura de acero con punteras plásticas reforzadas
✔️ Acabado negro microtexturado, robusto y moderno
✔️ Amplia superficie antideslizante
✔️ Instalación sin perforaciones  (incluye soporte)",EBTWVWA
steel tiger,Estribo Black Trend Wild Rampage,"$356,782","$245,554",1,"Estribo Blacktrend Wild – Estilo y Funcionalidad Off-Road
✔️ Estructura de acero con punteras plásticas reforzadas
✔️ Acabado negro microtexturado, robusto y moderno
✔️ Amplia superficie antideslizante
✔️ Instalación sin perforaciones  (incluye soporte)",EBTWR
steel tiger,Estribo Impactus aluminio Chevrolet S10 2000+,"$487,029","$335,196",1,"Estribos Impactus Steel Tiger – Livianos, resistentes y completos
✔️ Fabricados en aluminio de alta resistencia
✔️ Diseño moderno con superficie antideslizante
✔️ Incluyen soportes y punteras plásticas
✔️ Instalación sin perforaciones",EIACS10
steel tiger,Estribo Impactus aluminio Ford Ranger 2000+,"$487,029","$335,196",1,"Estribos Impactus Steel Tiger – Livianos, resistentes y completos
✔️ Fabricados en aluminio de alta resistencia
✔️ Diseño moderno con superficie antideslizante
✔️ Incluyen soportes y punteras plásticas
✔️ Instalación sin perforaciones",EIAFR
steel tiger,Estribo Impactus aluminio Toyota Hilux 2005,"$487,029","$335,196",1,"Estribos Impactus Steel Tiger – Livianos, resistentes y completos
✔️ Fabricados en aluminio de alta resistencia
✔️ Diseño moderno con superficie antideslizante
✔️ Incluyen soportes y punteras plásticas
✔️ Instalación sin perforaciones",EIATH
steel tiger,Estribo Impactus aluminio Vw Amarok 2010+,"$487,029","$335,196",1,"Estribos Impactus Steel Tiger – Livianos, resistentes y completos
✔️ Fabricados en aluminio de alta resistencia
✔️ Diseño moderno con superficie antideslizante
✔️ Incluyen soportes y punteras plásticas
✔️ Instalación sin perforaciones",EIAVWA
steel tiger,Estribo Impactus negro Chevrolet S10 2000+,"$417,939","$287,645",1,"Estribos Impactus Negro – Steel Tiger
✔️ Aluminio de alta resistencia con acabado negro microtexturado
✔️ Superficie antideslizante para subir con seguridad
✔️ Compatibles con S10, Ranger, Hilux y Amarok
✔️ Incluye soportes de instalación y punteras plásticas reforzadas",EINCS10
steel tiger,Estribo Impactus negro Ford Ranger 2000+,"$417,939","$287,645",1,"Estribos Impactus Negro – Steel Tiger
✔️ Aluminio de alta resistencia con acabado negro microtexturado
✔️ Superficie antideslizante para subir con seguridad
✔️ Compatibles con S10, Ranger, Hilux y Amarok
✔️ Incluye soportes de instalación y punteras plásticas reforzadas",EINFR
steel tiger,Estribo Impactus negro Toyota Hilux 2005,"$417,939","$287,645",1,"Estribos Impactus Negro – Steel Tiger
✔️ Aluminio de alta resistencia con acabado negro microtexturado
✔️ Superficie antideslizante para subir con seguridad
✔️ Compatibles con S10, Ranger, Hilux y Amarok
✔️ Incluye soportes de instalación y punteras plásticas reforzadas",EINTH
steel tiger,Estribo Impactus negro Vw. Amarok 2010+,"$417,939","$287,645",1,"Estribos Impactus Negro – Steel Tiger
✔️ Aluminio de alta resistencia con acabado negro microtexturado
✔️ Superficie antideslizante para subir con seguridad
✔️ Compatibles con S10, Ranger, Hilux y Amarok
✔️ Incluye soportes de instalación y punteras plásticas reforzadas",EINVWA
steel tiger,Estribo Optimus de aluminio Chevrolet S10 2000+,"$423,950","$291,782",1,"Estribo Optimus de Aluminio – Steel Tiger
✔️ Diseño robusto y moderno en aluminio reforzado
✔️ Superficie antideslizante para mayor seguridad
✔️ Incluye soportes y punteras plásticas",EOACS10
steel tiger,Estribo Optimus de aluminio Ford Ranger 2000+,"$423,950","$291,782",1,"Estribo Optimus de Aluminio – Steel Tiger
✔️ Diseño robusto y moderno en aluminio reforzado
✔️ Superficie antideslizante para mayor seguridad
✔️ Incluye soportes y punteras plásticas",EOAFR
steel tiger,Estribo Optimus de aluminio Toyota Hilux 2005,"$423,950","$291,782",1,"Estribo Optimus de Aluminio – Steel Tiger
✔️ Diseño robusto y moderno en aluminio reforzado
✔️ Superficie antideslizante para mayor seguridad
✔️ Incluye soportes y punteras plásticas",EOATH
steel tiger,Estribo Optimus de aluminio Vw. Amarok 2010+,"$423,950","$291,782",1,"Estribo Optimus de Aluminio – Steel Tiger
✔️ Diseño robusto y moderno en aluminio reforzado
✔️ Superficie antideslizante para mayor seguridad
✔️ Incluye soportes y punteras plásticas",EOAVWA
steel tiger,Estribo Optimus negro Chevrolet S10 2000+,"$372,505","$256,376",1,"Estribos Optimus Negros – Steel Tiger
✔️ Fabricados en aluminio reforzado con acabado negro microtexturado
✔️ Superficie antideslizante para mayor seguridad
✔️ Incluye soportes específicos y punteras plásticas inyectadas",EONCS10
steel tiger,Estribo Optimus negro Ford Ranger 2000+,"$372,505","$256,376",1,"Estribos Optimus Negros – Steel TigerEstribos Optimus Negros – Steel Tiger
✔️ Fabricados en aluminio reforzado con acabado negro microtexturado
✔️ Superficie antideslizante para mayor seguridad
✔️ Incluye soportes específicos y punteras plásticas inyectadas",EONFR
steel tiger,Estribo Optimus negro Toyota Hilux 2005,"$372,505","$256,376",1,"Estribos Optimus Negros – Steel Tiger
✔️ Fabricados en aluminio reforzado con acabado negro microtexturado
✔️ Superficie antideslizante para mayor seguridad
✔️ Incluye soportes específicos y punteras plásticas inyectadas",EONTH
steel tiger,Estribo Optimus negro Vw. Amarok 2010+,"$372,505","$256,376",1,"Estribos Optimus Negros – Steel Tiger
✔️ Fabricados en aluminio reforzado con acabado negro microtexturado
✔️ Superficie antideslizante para mayor seguridad
✔️ Incluye soportes específicos y punteras plásticas inyectadas",EONVWA
steel tiger,Mariposero radiador frontal Chevrolet S10 16-24,"$74,566","$44,905",1,"Mariposero Frontal Doble Malla – Protección y Estilo para tu Pickup
✔️ Doble malla metálica que protege el radiador de piedras e insectos
✔️ Mejora la estética frontal con diseño robusto
✔️ Instalación sencilla, sin modificaciones",MRFCS10
steel tiger,Mariposero radiador frontal Fiat Toro 2016,"$74,566","$44,905",1,"Mariposero Frontal Doble Malla – Protección y Estilo para tu Pickup
✔️ Doble malla metálica que protege el radiador de piedras e insectos
✔️ Mejora la estética frontal con diseño robusto
✔️ Instalación sencilla, sin modificaciones",MRFFT
steel tiger,Mariposero radiador frontal Ford Ranger 12-15,"$74,566","$44,905",1,"Mariposero Frontal Doble Malla – Protección y Estilo para tu Pickup
✔️ Doble malla metálica que protege el radiador de piedras e insectos
✔️ Mejora la estética frontal con diseño robusto
✔️ Instalación sencilla, sin modificaciones",MRFFR15
steel tiger,Mariposero radiador frontal Ram 1500 2013,"$74,566","$44,905",1,"Mariposero Frontal Doble Malla – Protección y Estilo para tu Pickup
✔️ Doble malla metálica que protege el radiador de piedras e insectos
✔️ Mejora la estética frontal con diseño robusto
✔️ Instalación sencilla, sin modificaciones",MRFR
steel tiger,Mariposero radiador frontal Ford Ranger 16-22,"$74,566","$44,905",1,"Mariposero Frontal Doble Malla – Protección y Estilo para tu Pickup
✔️ Doble malla metálica que protege el radiador de piedras e insectos
✔️ Mejora la estética frontal con diseño robusto
✔️ Instalación sencilla, sin modificaciones",MRFFR22
steel tiger,Mariposero radiador frontal Ford Ranger 23,"$76,802","$46,251",1,"Mariposero Frontal Doble Malla – Protección y Estilo para tu Pickup
✔️ Doble malla metálica que protege el radiador de piedras e insectos
✔️ Mejora la estética frontal con diseño robusto
✔️ Instalación sencilla, sin modificaciones",MRFFR23
steel tiger,Mariposero radiador frontal Nissan Frontier 2021,"$74,566","$44,905",1,"Mariposero Frontal Doble Malla – Protección y Estilo para tu Pickup
✔️ Doble malla metálica que protege el radiador de piedras e insectos
✔️ Mejora la estética frontal con diseño robusto
✔️ Instalación sencilla, sin modificaciones",MRFNF
steel tiger,Mariposero radiador frontal Toyota Hilux 02-15,"$74,566","$44,905",1,"Mariposero Frontal Doble Malla – Protección y Estilo para tu Pickup
✔️ Doble malla metálica que protege el radiador de piedras e insectos
✔️ Mejora la estética frontal con diseño robusto
✔️ Instalación sencilla, sin modificaciones",MRFTH15
steel tiger,Mariposero radiador frontal Toyota Hilux 2016,"$74,566","$44,905",1,"Mariposero Frontal Doble Malla – Protección y Estilo para tu Pickup
✔️ Doble malla metálica que protege el radiador de piedras e insectos
✔️ Mejora la estética frontal con diseño robusto
✔️ Instalación sencilla, sin modificaciones",MRFTH16
steel tiger,Mariposero radiador frontal Vw. Amarok 10-16,"$74,566","$44,905",1,"Mariposero Frontal Doble Malla – Protección y Estilo para tu Pickup
✔️ Doble malla metálica que protege el radiador de piedras e insectos
✔️ Mejora la estética frontal con diseño robusto
✔️ Instalación sencilla, sin modificaciones",MRFVWA16
steel tiger,Mariposero radiador frontal Vw. Amarok 2017,"$74,566","$44,905",1,"Mariposero Frontal Doble Malla – Protección y Estilo para tu Pickup
✔️ Doble malla metálica que protege el radiador de piedras e insectos
✔️ Mejora la estética frontal con diseño robusto
✔️ Instalación sencilla, sin modificaciones",MRFVWA17